Name,Phone,Email,Website,Address,Rating,Category
SkinSpirit at Lasky,+1 310-552-8010,beverlyhills@skinspirit.com,https://www.skinspirit.com/locations/beverly-hills/,"153 S Lasky Dr Suite 8, Beverly Hills, CA 90212, United States",4.9,4.9
Skin 22,+1 424-888-0036,info@myskin22.com,http://www.myskin22.com/,"Skin 22 Concierge Skin, 99 N La Cienega Blvd m100, Beverly Hills, CA 90211, United States",5.0,5.0
The Aesthetic Room by Dr. Rahi,+1 310-819-0769,admin@doctorrahi.com,https://doctorrahi.com/,"9025 Wilshire Blvd #202, Beverly Hills, CA 90211, United States",4.8,4.8
Beverly Hills Aesthetic Medics,+1 310-273-4247,botox@bhaestheticmedics.com,http://bhaestheticmedics.com/,"420 S Beverly Dr #100, Beverly Hills, CA 90212, United States",4.2,4.2
Ozraya Beverly Hills Aesthetics,+1 949-514-8722,ozrayabeverlyhillsinfo@gmail.com,http://www.jpbhsc.com/,"291 S La Cienega Blvd unit 306, Beverly Hills, CA 90211, United States",4.9,4.9(47)
Modern Esthetics,+1 310-507-7759,frontdesk@modernesthetics.com,https://modernesthetics.com/?utm_source=google&utm_medium=organic&utm_campaign=gmb,"343 N Canon Dr, Beverly Hills, CA 90210, United States",5.0,5.0(37)
BevMed LA,+1 310-879-1066,INFO@BEVERLYWOODMED.COM,https://www.bevmedla.com/,"436 N Roxbury Dr Suite 211, Beverly Hills, CA 90210, United States",5.0,5.0(117)
Go See Sari - Medical Aesthetics,+1 323-208-6118,info@goseesari.com,http://www.goseesari.com/,"435 N Bedford Dr Ste 305, Beverly Hills, CA 90210, United States",5.0,5.0(132)
MT Skin Clinic – Facial & Microdermabrasion Treatments,+1 310-890-4703,hello@mtskinclinic.com,https://www.mtskinclinic.com/,"409 N Camden Dr Suite 102, Beverly Hills, CA 90210, United States",4.9,4.9(199)
Dr Juventas,+1 310-660-7301,info@drjuventas.com,https://www.drjuventas.com/,"9730 Wilshire Blvd ste 210, Beverly Hills, CA 90212, United States",4.8,4.8(16)
Spa26,+1 424-544-3362,info@spa26.com,https://www.spa26.com/?utm_source=google&utm_medium=organic&utm_campaign=gbp,"120 S Spalding Dr #315, Beverly Hills, CA 90212, United States",4.8,4.8(39)
ARA Med Spa,+1 310-666-5473,info@aramedspa.com,http://www.aramedspa.com/,"415 N Camden Dr #203, Beverly Hills, CA 90210, United States",5.0,5.0(16)
LA RIUSH AESTHETIC,+1 310-269-9849,appointments@lariushaesthetic.com,https://lariushaesthetic.com/,"Sola Salons, 151 S Doheny Dr ste 6 & 9, Beverly Hills, CA 90211, United States",5.0,5.0(26)
LA Aesthetics Center - Concierge Longevity Clinic,+1 747-327-8259,info@laaestheticscenter.com,https://www.laaestheticscenter.com/,"436 N Bedford Dr, Beverly Hills, CA 90210, United States",5.0,5.0(18)
Glam Bar Medical Spa,+1 310-467-2711,webmaster@glambarmedicalspa.com,http://www.glambarmedicalspa.com/,"346 N La Cienega Blvd, Los Angeles, CA 90048, United States",4.8,4.8(52)
Dr Tess Mauricio - M Beauty Clinic Beverly Hills,+1 833-462-3288,info@mbeautyclinic.com,http://www.mbeautyclinic.com/,"421 N Rodeo Dr, (VALET, LEVEL) Suite A-1, Beverly Hills, CA 90210, United States",4.8,4.8(31)
Joyce Marie of Beverly Hills,+1 310-275-6694,onum_company@mail.com,http://joycemarieofbeverlyhills.com/,"9615 Brighton Way #313, Beverly Hills, CA 90210, United States",5.0,5.0(137)
Beverly Hills Beauty Lab,+1 310-339-2986,info@bevhillsbeautylab.com,http://www.bevhillsbeautylab.com/,"239 S La Cienega Blvd, Beverly Hills, CA 90211, United States",4.4,4.4(427)
Radiant Beauty & Health,+1 914-559-7693,info@radiantbeautyandhealth.com,https://radiantbeautyandhealth.com/,"9615 Brighton Way Suite 414 (4th floor, Beverly Hills, CA 90210, United States",4.6,4.6(238)
Vendôme Clinique & Spa,+1 424-338-9652,info@vendomeclinique.com,https://vendomeclinique.com/?utm_source=google-map&utm_campaign=gmb&utm_medium=organic,"8555 Beverly Blvd #90048, Los Angeles, CA 90048, United States",4.8,4.8(81)
August Aesthetics,+1 310-285-9880,info@augustaesthetics.com,http://augustaesthetics.com/,"9675 Brighton Way Suite 380, Beverly Hills, CA 90210, United States",5.0,5.0(12)
Chemical Peels -The Peel Connection - Skincare LA,+1 310-721-0459,customerservice@thepeelconnection.com,https://www.thepeelconnection.com/,"9713 S Santa Monica Blvd #213, Beverly Hills, CA 90210, United States",5.0,5.0(82)
Tamara Day Spa Beverly Hills,+1 310-275-0524,tamara@dayspabeverlyhills.com,http://www.dayspabeverlyhills.com/,"8950 W Olympic Blvd #205, Beverly Hills, CA 90211, United States",5.0,5.0(13)
